gene,cyst_position,tryp_position,phen_position,aligned_seq
IGLJ5*02,,,7,CTGGGTGTTTGGTGAGGGGACGGAGCTGACCGTCCTAG
IGLJ5*01,,,7,CTGGGTGTTTGGTGAGGGGACCGAGCTGACCGTCCTAG
IGLJ6*01,,,7,TAATGTGTTCGGCAGTGGCACCAAGGTGACCGTCCTCG
IGLJ7*01,,,7,TGCTGTGTTCGGAGGAGGCACCCAGCTGACCGTCCTCG
IGLJ7*02,,,7,TGCTGTGTTCGGAGGAGGCACCCAGCTGACCGCCCTCG
IGLJ1*01,,,7,TTATGTCTTCGGAACTGGGACCAAGGTCACCGTCCTAG
IGLJ2*01,,,7,TGTGGTATTCGGCGGAGGGACCAAGCTGACCGTCCTAG
IGLJ3*01,,,7,TGTGGTATTCGGCGGAGGGACCAAGCTGACCGTCCTAG
IGLJ4*01,,,7,TTTTGTATTTGGTGGAGGAACCCAGCTGATCATTTTAG
IGLJ3*02,,,7,TTGGGTGTTCGGCGGAGGGACCAAGCTGACCGTCCTAG
IGLV3-10*01,258,,,TCCTATGAGCTGACACAGCCACCCTCG...GTGTCAGTGTCCCCAGGACAAACGGCCAGGATCACCTGCTCTGGAGATGCATTGCCA..................AAAAAATATGCTTATTGGTACCAGCAGAAGTCAGGCCAGGCCCCTGTGCTGGTCATCTATGAGGAC.....................AGCAAACGACCCTCCGGGATCCCT...GAGAGATTCTCTGGCTCCAGC......TCAGGGACAATGGCCACCTTGACTATCAGTGGGGCCCAGGTGGAGGATGAAGCTGACTACTACTGTTACTCAACAGACAGCAGTGGTAATCATAG.........
IGLV10-54*01,264,,,CAGGCAGGGCTGACTCAGCCACCCTCG...GTGTCCAAGGGCTTGAGACAGACCGCCACACTCACCTGCACTGGGAACAGCAACAATGTT............GGCAACCAAGGAGCAGCTTGGCTGCAGCAGCACCAGGGCCACCCTCCCAAACTCCTATCCTACAGGAAT.....................AACAACCGGCCCTCAGGGATCTCA...GAGAGATTATCTGCATCCAGG......TCAGGAAACACAGCCTCCCTGACCATTACTGGACTCCAGCCTGAGGACGAGGCTGACTATTACTGCTCAGCATGGGACAGCAGCCTCAGTGCTCA.........
IGLV11-55*02,285,,,CGGCCCGTGCTGACTCAGCCGCCCTCC...CTGTCTGCATCCCCGGGAGCAACAGCCAGACTCCCCTGCACCCTGAGCAGTGACCTCAGTGTT.........GGTGGTAAAAACATGTTCTGGTACCAGCAGAAGCTAGGGAGCTCTCCCAGGTTATTCCTGTATCACTACTCAGAC.........TCAGACAAGCAGCTGGGACCTGGGGTCCCC...AGTCGAGTCTCTGGCTCCAAGGAGACCTCAAGTAACACAGCGTTTTTGCTCATCTCTGGGCTCCAGCCTGAGGACGAGGCCGATTATTACTGCCAGGTGTACGAAAGTAGTGCTAAT..............
IGLV11-55*01,285,,,CGGCCCGTGCTGACTCAGCCGCCCTCT...CTGTCTGCATCCCCGGGAGCAACAGCCAGACTCCCCTGCACCCTGAGCAGTGACCTCAGTGTT.........GGTGGTAAAAACATGTTCTGGTACCAGCAGAAGCCAGGGAGCTCTCCCAGGTTATTCCTGTATCACTACTCAGAC.........TCAGACAAGCAGCTGGGACCTGGGGTCCCC...AGTCGAGTCTCTGGCTCCAAGGAGACCTCAAGTAACACAGCGTTTTTGCTCATCTCTGGGCTCCAGCCTGAGGACGAGGCCGATTATTACTGCCAGGTGTACGAAAGTAGTGCTAAT..............
IGLV10-54*02,264,,,CAGGCAGGGCTGACTCAGCCACCCTCG...GTGTCCAAGGGCTTGAGACAGACCGCCACACTCACCTGCACTGGGAACAGCAACATTGTT............GGCAACCAAGGAGCAGCTTGGCTGCAGCAGCACCAGGGCCACCCTCCCAAACTCCTATCCTACAGGAAT.....................AACAACCGGCCCTCAGGGATCTCA...GAGAGATTCTCTGCATCCAGG......TCAGGAAACACAGCCTCCCTGACCATTACTGGACTCCAGCCTGAGGACGAGGCTGACTATTACTGCTCAGCATTGGACAGCAGCCTCAGTGCTCA.........
IGLV9-49*02,276,,,CAGCCTGTGCTGACTCAGCCACCTTCT...GCATCAGCCTCCCTGGGAGCCTCGGTCACACTCACCTGCACCCTGAGCAGCGGCTACAGT...............AATTATAAAGTGGACTGGTACCAGCAGAGACCAGGGAAGGGCCCCCGGTTTGTGATGCGAGTGGGCACTGGT......GGGATTGTGGGATCCAAGGGGGATGGCATCCCT...GATCGCTTCTCAGTCTTGGGC......TCAGGCCTGAATCGGTACCTGACCATCAAGAACATCCAGGAAGAAGATGAGAGTGACTACCACTGTGGGGCAGACCATGGCAGTGGGAGCAACTTCGTGTAACC
IGLV2-23*01,267,,,CAGTCTGCCCTGACTCAGCCTGCCTCC...GTGTCTGGGTCTCCTGGACAGTCGATCACCATCTCCTGCACTGGAACCAGCAGTGATGTTGGG.........AGTTATAACCTTGTCTCCTGGTACCAACAGCACCCAGGCAAAGCCCCCAAACTCATGATTTATGAGGGC.....................AGTAAGCGGCCCTCAGGGGTTTCT...AATCGCTTCTCTGGCTCCAAG......TCTGGCAACACGGCCTCCCTGACAATCTCTGGGCTCCAGGCTGAGGACGAGGCTGATTATTACTGCTGCTCATATGCAGGTAGTAGCACTTTAC..........
IGLV3-9*01,258,,,TCCTATGAGCTGACTCAGCCACTCTCA...GTGTCAGTGGCCCTGGGACAGACGGCCAGGATTACCTGTGGGGGAAACAACATTGGA..................AGTAAAAATGTGCACTGGTACCAGCAGAAGCCAGGCCAGGCCCCTGTGCTGGTCATCTATAGGGAT.....................AGCAACCGGCCCTCTGGGATCCCT...GAGCGATTCTCTGGCTCCAAC......TCGGGGAACACGGCCACCCTGACCATCAGCAGAGCCCAAGCCGGGGATGAGGCTGACTATTACTGTCAGGTGTGGGACAGCAGCACTGCA..............
IGLV9-49*01,276,,,CAGCCTGTGCTGACTCAGCCACCTTCT...GCATCAGCCTCCCTGGGAGCCTCGGTCACACTCACCTGCACCCTGAGCAGCGGCTACAGT...............AATTATAAAGTGGACTGGTACCAGCAGAGACCAGGGAAGGGCCCCCGGTTTGTGATGCGAGTGGGCACTGGT......GGGATTGTGGGATCCAAGGGGGATGGCATCCCT...GATCGCTTCTCAGTCTTGGGC......TCAGGCCTGAATCGGTACCTGACCATCAAGAACATCCAGGAAGAGGATGAGAGTGACTACCACTGTGGGGCAGACCATGGCAGTGGGAGCAACTTCGTGTAACC
IGLV8-61*01,267,,,CAGACTGTGGTGACCCAGGAGCCATCG...TTCTCAGTGTCCCCTGGAGGGACAGTCACACTCACTTGTGGCTTGAGCTCTGGCTCAGTCTCT.........ACTAGTTACTACCCCAGCTGGTACCAGCAGACCCCAGGCCAGGCTCCACGCACGCTCATCTACAGCACA.....................AACACTCGCTCTTCTGGGGTCCCT...GATCGCTTCTCTGGCTCCATC......CTTGGGAACAAAGCTGCCCTCACCATCACGGGGGCCCAGGCAGATGATGAATCTGATTATTACTGTGTGCTGTATATGGGTAGTGGCATTTC............
IGLV2-33*01,267,,,CAATCTGCCCTGACTCAGCCTCCTTTT...GTGTCCGGGGCTCCTGGACAGTCGGTCACCATCTCCTGCACTGGAACCAGCAGTGACGTTGGG.........GATTATGATCATGTCTTCTGGTACCAAAAGCGTCTCAGCACTACCTCCAGACTCCTGATTTACAATGTC.....................AATACTCGGCCTTCAGGGATCTCT...GACCTCTTCTCAGGCTCCAAG......TCTGGCAACATGGCTTCCCTGACCATCTCTGGGCTCAAGTCCGAGGTTGAGGCTAATTATCACTGCAGCTTATATTCAAGTAGTTACACTTTC...........
IGLV2-33*02,267,,,CAGTCTGCCCTGACTCAGCCTCCTTTT...GTGTCCGGGGCTCCTGGACAGTCGGTCACCATCTCCTGCACTGGAACCAGCAGTGACGTTGGG.........GATTATGATCATGTCTTCTGGTACCAAAAGCGTCTCAGCACTACCTCCAGACTCCTGATTTACAATGTC.....................AATACTCGGCCTTCAGGGATCTCT...GACCTCTTCTCAGGCTCCAAG......TCTGGCAACATGGCTTCCCTGACCATCTCTGGGCTCAAGTCCGAGGTTGAGGCTAATTATCACTGCAGCTTATATTCAAGTAGTTACACTTTC...........
IGLV2-33*03,267,,,CAATCTGCCCTGACTCAGCCTCCTTTT...GTGTCCGGGGCTCCTGGACAGTCGGTCACCATCTCCTGCACTGGAACCAGCAGTGACGTTGGG.........GACTATGATCATGTCTTCTGGTACCAAAAGCGTCTCAGCACTACCTCCAGACTCCTGATTTACAATGTC.....................AATACTCGGCCTTCAGGGATCTCT...GACCTCTTCTCAGGCTCCAAG......TCTGGCAACGTGGCTTCCCTGACCATCTCTGGGCTCAAGTCCGAGGTTGAGGCTAATTATCACTGCAGCTTATATTCAAGTAGTTACACTTTC...........
IGLV5-39*01,285,,,CAGCCTGTGCTGACTCAGCCAACCTCC...CTCTCAGCATCTCCTGGAGCATCAGCCAGATTCACCTGCACCTTGCGCAGTGGCATCAATGTT.........GGTACCTACAGGATATACTGGTACCAGCAGAAGCCAGGGAGTCTTCCCCGGTATCTCCTGAGGTACAAATCAGAC.........TCAGATAAGCAGCAGGGCTCTGGAGTCCCC...AGCCGCTTCTCTGGATCCAAAGATGCTTCAACCAATGCAGGCCTTTTACTCATCTCTGGGCTCCAGTCTGAAGATGAGGCTGACTATTACTGTGCCATTTGGTACAGCAGCACTTCT..............
IGLV1-50*01,267,,,CAGTCTGTGCTGACGCAGCCGCCCTCA...GTGTCTGGGGCCCCAGGGCAGAGGGTCACCATCTCCTGCACTGGGAGCAGCTCCAACATTGGG.........GCGGGTTATGTTGTACATTGGTACCAGCAGCTTCCAGGAACAGCCCCCAAACTCCTCATCTATGGTAAC.....................AGCAATCGGCCCTCAGGGGTCCCT...GACCAATTCTCTGGCTCCAAG......TCTGGCACCTCAGCCTCCCTGGCCATCACTGGACTCCAGTCTGAGGATGAGGCTGATTATTACTGCAAAGCATGGGATAACAGCCTGAATGCTCA.........
IGLV5-39*02,285,,,CAGCCTGTGCTGACTCAGCCAACCTCC...CTCTCAGCATCTCCTGGAGCATCAGCCAGATTCACCTGCACCTTGCGCAGCGGCATCAATGTT.........GGTACCTACAGGATATACTGGTACCAGCAGAATCCAGGGAGTCTTCCCCGGTATCTCCTGAGGTACAAATCAGAC.........TCAGATAAGCAGCAGGGCTCTGGAGTCCCC...AGCCGCTTCTCTGGATCCAAAGATGCTTCAACCAATGCAGGCCTTTTACTCATCTCTGGGCTCCAGTCTGAAGATGAGGCTGACTATTACTGTGCCATTTGGTACAGCAGCACTTCT..............
IGLV2-18*03,267,,,CAGTCTGCCCTGACTCAGCCTCCCTCC...GTGTCCGGGTCTCCTGGACAGTCAGTCACCATCTCCTGCACTGGAACCAGCAGTGACGTTGGT.........AGTTATAACCGTGTCTCCTGGTACCAGCAGCCCCCAGGCACAGCCCCCAAACTCATGATTTATGAGGTC.....................AGTAATCGGCCCTCAGGGGTCCCT...GATCGCTTCTCTGGGTCCAAG......TCTGGCAACACGGCCTCCCTGACCACCTCTGGGCTCCAGGCTGAGGACGAGGCTGATTATTACTGCAGCTCATATACAAGCAGCAGCACTTTC...........
IGLV2-18*02,267,,,CAGTCTGCCCTGACTCAGCCTCCCTCC...GTGTCCGGGTCTCCTGGACAGTCAGTCACCATCTCCTGCACTGGAACCAGCAGTGACGTTGGT.........AGTTATAACCGTGTCTCCTGGTACCAGCAGCCCCCAGGCACAGCCCCCAAACTCATGATTTATGAGGTC.....................AGTAATCGGCCCTCAGGGGTCCCT...GATCGCTTCTCTGGGTCCAAG......TCTGGCAACACGGCCTCCCTGACCATCTCTGGGCTCCAGGCTGAGGACGAGGCTGATTATTACTGCAGCTCATATACAAGCAGCAGCACTTTC...........
IGLV2-18*01,267,,,CAGTCTGCCCTGACTCAGCCTCCCTCC...GTGTCCGGGTCTCCTGGACAGTCAGTCACCATCTCCTGCACTGGAACCAGCAGTGACGTTGGT.........AGTTATAACCGTGTCTCCTGGTACCAGCAGCCCCCAGGCACAGCCCCCAAACTCATGATTTATGAGGTC.....................AGTAATCGGCCCTCAGGGGTCCCT...GATCGCTTCTCTGGGTCCAAG......TCTGGCAACACGGCCTCCCTGACCATCTCTGGGCTCCAGGCTGAGGACGAGGCTGATTATTACTGCAGCTTATATACAAGCAGCAGCACTTTC...........
IGLV2-14*03,244,,,.......................CTCC...GTGTCTGGGTCTCCTGGACAGTCGATCACCATCTCCTGCACTGGAACCAGCAGTGACGTTGGT.........GGTTATAACTATGTCTCCTGGTACCAACAACACCCAGGCAAAGCCCCCAAACTCATGATTTATGATGTC.....................AGTAATCGGCCCTCAGGGGTTTCT...AATCGCTTCTCTGGCTCCAAG......TCTGGCAACACGGCCTCCCTGACCATCTCTGGGCTCCAGGCTGAGGACGAGGCTGATTATTACTGCAGCTCATATACAAGCAGCAGCACTCTC...........
IGLV2-14*02,267,,,CAGTCTGCCCTGACTCAGCCTGCCTCC...GTGTCTGGGTCTCCTGGACAGTCGATCACCATCTCCTGCACTGGAACCAGCAGTGATGTTGGG.........AGTTATAACCTTGTCTCCTGGTACCAACAGCACCCAGGCAAAGCCCCCAAACTCATGATTTATGAGGGC.....................AGTAAGCGGCCCTCAGGGGTTTCT...AATCGCTTCTCTGGCTCCAAG......TCTGGCAACACGGCCTCCCTGACCATCTCTGGGCTCCAGGCTGAGGACGAGGCTGATTATTACTGCAGCTCATATACAAGCAGCAGCACTCTC...........
IGLV2-14*01,267,,,CAGTCTGCCCTGACTCAGCCTGCCTCC...GTGTCTGGGTCTCCTGGACAGTCGATCACCATCTCCTGCACTGGAACCAGCAGTGACGTTGGT.........GGTTATAACTATGTCTCCTGGTACCAACAGCACCCAGGCAAAGCCCCCAAACTCATGATTTATGAGGTC.....................AGTAATCGGCCCTCAGGGGTTTCT...AATCGCTTCTCTGGCTCCAAG......TCTGGCAACACGGCCTCCCTGACCATCTCTGGGCTCCAGGCTGAGGACGAGGCTGATTATTACTGCAGCTCATATACAAGCAGCAGCACTCTC...........
IGLV3-9*02,258,,,TCCTATGAGCTGACTCAGCCACTCTCA...GTGTCAGTGGCCCTGGGACAGGCGGCCAGGATTACCTGTGGGGGAAACAACCTTGGA..................TATAAAAGTGTGCACTGGTACCAGCAGAAGCCAGGCCAGGCCCCTGTGCTGGTCATCTATAGGGAT.....................AACAACCGGCCCTCTGGGATCCCT...GAGCGATTCTCTGGCTCCAAC......TCGGGGAACACGGCCACCCTGACCATCAGCAGAGCCCAAGCCGGGGATGAGGCTGACTATTACTGTCAGGTGTGGGACAGCAGCACTGCACACCC.........
IGLV1-51*02,264,,,CAGTCTGTGTTGACGCAGCCGCCCTCA...GTGTCTGCGGCCCCAGGACAGAAGGTCACCATCTCCTGCTCTGGAAGCAGCTCCAACATT............GGGAATAATTATGTATCCTGGTACCAGCAGCTCCCAGGAACAGCCCCCAAACTCCTCATCTATGAAAAT.....................AATAAGCGACCCTCAGGGATTCCT...GACCGATTCTCTGGCTCCAAG......TCTGGCACGTCAGCCACCCTGGGCATCACCGGACTCCAGACTGGGGACGAGGCCGATTATTACTGCGGAACATGGGATAGCAGCCTGAGTGCTGG.........
IGLV2-14*04,244,,,.......................CTCC...GTGTCTGGGTCTCCTGGACAGTCGATCACCATCTCCTGCACTGGAACCAGCAGTGACGTTGGT.........GGTTATAACTATGTCTCCTGGTACCAACAGCACCCAGGCAAAGCCCCCAAACTCATGATTTATGATGTC.....................AGTAATCGGCCCTCAGGGGTTTCT...AATCGCTTCTCTGGCTCCAAG......TCTGGCAACACGGCCTCCCTGACCATCTCTGGGCTCCAGGCTGAGGACGAGGCTGATTATTACTGCAGCTCATATACAAGCAGCAGCACTCTC...........
IGLV4-60*02,273,,,CAGCCTGTGCTGACTCAATCATCCTCT...GCCTCTGCTTCCCTGGGATCCTCGGTCAAGCTCACCTGCACTCTGAGCAGTGGGCACAGT...............AGCTACATCATCGCATGGCATCAGCAGCAGCCAGGGAAGGCCCCTCGGTACTTGATGAAGCTTGAAGGTAGT.........GGAAGCTACAACAAGGGGAGCGGAGTTCCT...GATCGCTTCTCAGGCTCCAGC......TCTGGGGCTGACCGCTACCTCACCATCTCCAACCTCCAGTTTGAGGATGAGGCTGATTATTACTGTGAGACCTGGGACAGTAACACTCA...............
IGLV1-40*01,267,,,CAGTCTGTGCTGACGCAGCCGCCCTCA...GTGTCTGGGGCCCCAGGGCAGAGGGTCACCATCTCCTGCACTGGGAGCAGCTCCAACATCGGG.........GCAGGTTATGATGTACACTGGTACCAGCAGCTTCCAGGAACAGCCCCCAAACTCCTCATCTATGGTAAC.....................AGCAATCGGCCCTCAGGGGTCCCT...GACCGATTCTCTGGCTCCAAG......TCTGGCACCTCAGCCTCCCTGGCCATCACTGGGCTCCAGGCTGAGGATGAGGCTGATTATTACTGCCAGTCCTATGACAGCAGCCTGAGTGGTTC.........
IGLV4-60*01,273,,,CAGCCTGTGCTGACTCAATCATCCTCT...GCCTCTGCTTCCCTGGGATCCTCGGTCAAGCTCACCTGCACTCTGAGCAGTGGGCACAGT...............AGCTACATCATCGCATGGCATCAGCAGCAGCCAGGGAAGGCCCCTCGGTACTTGATGAAGCTTGAAGGTAGT.........GGAAGCTACAACAAGGGGAGCGGAGTTCCT...GATCGCTTCTCAGGCTCCAGC......TCTGGGGCTGACCGCTACCTCACCATCTCCAACCTCCAGTTAGAGGATGAGGCTGATTATTACTGTGAGACCTGGGACAGTAACACT.................
IGLV3-22*01,258,,,TCCTATGAGCTGACACAGCTACCCTCG...GTGTCAGTGTCCCCAGGACAGACAGCCAGGATCACCTGCTCTGGAGATGTACTGGGG..................GAAAATTATGCTGACTGGTACCAGCAGAAGCCAGGCCAGGCCCCTGAGTTGGTGATATACGAAGAT.....................AGTGAGCGGTACCCTGGAATCCCT...GAACGATTCTCTGGGTCCACC......TCAGGGAACACGACCACCCTGACCATCAGCAGGGTCCTGACCGAAGACGAGGCTGACTATTACTGTTTGTCTGGGGATGAGGACAATCC...............
IGLV5-45*04,285,,,CAGGCTGTGCTGACTCAGCCGTCTTCC...CTCTCTGCATCTCCTGGAGCATCAGCCAGTCTCACCTGCACCTTGTGCAGTGGCATCAATGTT.........GGTACCTACAGGATATACTGGTACCAGCAGAAGCCAGGGAGTCCTCCCCAGTATCTCCTGAGGTACAAATCAGAC.........TCAGATAAGCAGCAGGGCTCTGGAGTCCCC...AGCCGCTTCTCTGGATCCAAAGATGCTTCGGCCAATGCAGGGATTTTACTCATCTCTGGGCTCCAGTCTGAGGATGAGGCTGACTATTACTGTATGATTTGGCACAGCAGCGCTTCT..............
IGLV3-27*01,258,,,TCCTATGAGCTGACACAGCCATCCTCA...GTGTCAGTGTCTCCGGGACAGACAGCCAGGATCACCTGCTCAGGAGATGTACTGGCA..................AAAAAATATGCTCGGTGGTTCCAGCAGAAGCCAGGCCAGGCCCCTGTGCTGGTGATTTATAAAGAC.....................AGTGAGCGGCCCTCAGGGATCCCT...GAGCGATTCTCCGGCTCCAGC......TCAGGGACCACAGTCACCTTGACCATCAGCGGGGCCCAGGTTGAGGATGAGGCTGACTATTACTGTTACTCTGCGGCTGACAACAATCT...............
IGLV1-44*01,264,,,CAGTCTGTGCTGACTCAGCCACCCTCA...GCGTCTGGGACCCCCGGGCAGAGGGTCACCATCTCTTGTTCTGGAAGCAGCTCCAACATC............GGAAGTAATACTGTAAACTGGTACCAGCAGCTCCCAGGAACGGCCCCCAAACTCCTCATCTATAGTAAT.....................AATCAGCGGCCCTCAGGGGTCCCT...GACCGATTCTCTGGCTCCAAG......TCTGGCACCTCAGCCTCCCTGGCCATCAGTGGGCTCCAGTCTGAGGATGAGGCTGATTATTACTGTGCAGCATGGGATGACAGCCTGAATGGTCC.........
IGLV4-3*01,273,,,CTGCCTGTGCTGACTCAGCCCCCGTCT...GCATCTGCCTTGCTGGGAGCCTCGATCAAGCTCACCTGCACCCTAAGCAGTGAGCACAGC...............ACCTACACCATCGAATGGTATCAACAGAGACCAGGGAGGTCCCCCCAGTATATAATGAAGGTTAAGAGTGAT.........GGCAGCCACAGCAAGGGGGACGGGATCCCC...GATCGCTTCATGGGCTCCAGT......TCTGGGGCTGACCGCTACCTCACCTTCTCCAACCTCCAGTCTGACGATGAGGCTGAGTATCACTGTGGAGAGAGCCACACGATTGATGGCCAAGTCGGTTGAGC
IGLV6-57*02,270,,,AATTTTATGCTGACTCAGCCCCACTCT...GTGTCGGAGTCTCCGGGGAAGACGGTAACCATCTCCTGCACCGGCAGCAGTGGCAGCATT............GCCAGCAACTATGTGCAGTGGTACCAGCAGCGCCCGGGCAGTGCCCCCACCACTGTGATCTATGAGGAT.....................AACCAAAGACCCTCTGGGGTCCCT...GATCGGTTCTCTGGCTCCATCGACAGCTCCTCCAACTCTGCCTCCCTCACCATCTCTGGACTGAAGACTGAGGACGAGGCTGACTACTACTGTCAGTCTTATGATAGCAGCAATCA...............
IGLV2-23*03,267,,,CAGTCTGCCCTGACTCAGCCTGCCTCC...GTGTCTGGGTCTCCTGGACAGTCGATCACCATCTCCTGCACTGGAACCAGCAGTGATGTTGGG.........AGTTATAACCTTGTCTCCTGGTACCAACAGCACCCAGGCAAAGCCCCCAAACTCATGATTTATGAGGGC.....................AGTAAGCGGCCCTCAGGGGTTTCT...AATCGCTTCTCTGGCTCCAAG......TCTGGCAACACGGCCTCCCTGACAATCTCTGGGCTCCAGGCTGAGGACGAGGCTGATTATTACTGCTGCTCATATGCAGGTAGTAGCACTTTC...........
IGLV2-23*02,267,,,CAGTCTGCCCTGACTCAGCCTGCCTCC...GTGTCTGGGTCTCCTGGACAGTCGATCACCATCTCCTGCACTGGAACCAGCAGTGATGTTGGG.........AGTTATAACCTTGTCTCCTGGTACCAACAGCACCCAGGCAAAGCCCCCAAACTCATGATTTATGAGGTC.....................AGTAAGCGGCCCTCAGGGGTTTCT...AATCGCTTCTCTGGCTCCAAG......TCTGGCAACACGGCCTCCCTGACAATCTCTGGGCTCCAGGCTGAGGACGAGGCTGATTATTACTGCTGCTCATATGCAGGTAGTAGCACTTTC...........
IGLV3-10*02,258,,,TCCTATGAGCTGACACAGCCACCCTCG...GTGTCAGTGTCCCCAGGACAAACGGCCAGGATCACCTGCTCTGGAGATGCATTGCCA..................AAAAAATATGCTTATTGGTACCAGCAGAAGTCAGGCCAGGCCCCTGTGCTGGTCATCTATAAGGAC.....................AGCAAACGACCCTCAGGGATCCCT...GAGAGATTCTCTGGCTCCAGC......TCAGGGACAATGGCCACCTTGACCATCAGTGGGGCCCAGGTGGAGGATGAAGATGACTACTACTGTTACTCAGCAGACTACAGTGGTAAT..............
IGLV1-40*03,267,,,CAGTCTGTCGTGACGCAGCCGCCCTCA...GTGTCTGGGGCCCCAGGGCAGAGGGTCACCATCTCCTGCACTGGGAGCAGCTCCAACATCGGG.........GCAGGTTATGATGTACACTGGTACCAGCAGCTTCCAGGAACAGCCCCCAAACTCCTCATCTATGGTAAC.....................AGCAATCGGCCCTCAGGGGTCCCT...GACCGATTCTCTGGCTCCAAG......TCTGGCGCCTCAGCCTCCCTGGCCATCACTGGGCTCCAGGCTGAGGATGAGGCTGATTATTACTGCCAGTCCTATGACAGCAGCCTGAGTGGT...........
IGLV1-40*02,267,,,CAGTCTGTCGTGACGCAGCCGCCCTCA...GTGTCTGGGGCCCCAGGGCAGAGGGTCACCATCTCCTGCACTGGGAGCAGCTCCAACATCGGG.........GCAGGTTATGATGTACACTGGTACCAGCAGCTTCCAGGAACAGCCCCCAAACTCCTCATCTATGGTAAC.....................AGCAATCGGCCCTCAGGGGTCCCT...GACCGATTCTCTGGCTCCAAG......TCTGGCACCTCAGCCTCCCTGGCCATCACTGGGCTCCAGGCTGAGGATGAGGCTGATTATTACTGCCAGTCCTATGACAGCAGCCTGAGTGGTTC.........
IGLV3-16*01,258,,,TCCTATGAGCTGACACAGCCACCCTCG...GTGTCAGTGTCCCTAGGACAGATGGCCAGGATCACCTGCTCTGGAGAAGCATTGCCA..................AAAAAATATGCTTATTGGTACCAGCAGAAGCCAGGCCAGTTCCCTGTGCTGGTGATATATAAAGAC.....................AGCGAGAGGCCCTCAGGGATCCCT...GAGCGATTCTCTGGCTCCAGC......TCAGGGACAATAGTCACATTGACCATCAGTGGAGTCCAGGCAGAAGACGAGGCTGACTATTACTGTCTATCAGCAGACAGCAGTGGTACTTATCC.........
IGLV2-8*02,267,,,CAGTCTGCCCTGACTCAGCCTCCCTCC...GCGTCCAGGTCTCCTGGACAGTCAGTCACCATCTCCTGCACTGGAACCAGCAGTGACGTTGGT.........GGTTATAACTATGTCTCCTGGTACCAACAGCACCCAGGCAAAGCCCCCAAACTCATGATTTATGAGGTC.....................AGTAAGCGGCCCTCAGGGGTCCCT...GATCGCTTCTCTGGCTCCAAG......TCTGGCAACACGGCCTCCCTGACCGTCTCTGGGCTCCAGGCTGAGGATGAGGCTGATTATTACTGCAGCTCATATGCAGGCAGCAACAATTTC...........
IGLV9-49*03,276,,,CAGCCTGTGCTGACTCAGCCACCTTCT...GCATCAGCCTCCCTGGGAGCCTCGGTCACACTCACCTGCACCCTGAGCAGCGGCTACAGT...............AATTATAAAGTGGACTGGTACCAGCAGAGACCAGGGAAGGGCCCCCGATTTGTGATGCGAGTGGGCACTGGT......GGGATTGTGGGATCCAAGGGGGATGGCATCCCT...GATCGCTTCTCAGTCTTGGGC......TCAGGCCTGAATCGGTACCTGACCATCAAGAACATCCAGGAAGAGGATGAGAGTGACTACCACTGTGGGGCAGACCATGGCAGTGGGAGCAACTTCGTGTAACC
IGLV2-11*01,267,,,CAGTCTGCCCTGACTCAGCCTCGCTCA...GTGTCCGGGTCTCCTGGACAGTCAGTCACCATCTCCTGCACTGGAACCAGCAGTGATGTTGGT.........GGTTATAACTATGTCTCCTGGTACCAACAGCACCCAGGCAAAGCCCCCAAACTCATGATTTATGATGTC.....................AGTAAGCGGCCCTCAGGGGTCCCT...GATCGCTTCTCTGGCTCCAAG......TCTGGCAACACGGCCTCCCTGACCATCTCTGGGCTCCAGGCTGAGGATGAGGCTGATTATTACTGCTGCTCATATGCAGGCAGCTACACTTTC...........
IGLV2-11*02,267,,,CAGTCTGCCCTGACTCAGCCTCGCTCA...GTGTCCGGGTCTCCTGGACAGTCAGTCACCATCTCCTGCACTGGAACCAGCAGTGATGTTGGT.........GGGTATAACTATGTCTCCTGGTACCAACAGCACCCAGGCAAAGCCCCCAAACTCATGATTTATGATGTC.....................AGTAAGCGGCCCTCAGGGGTCCCT...GATCGCTTCTCTGGCTCCAAG......TCTGGCAACACGGCCTCCCTGACCATCTCTGGGCTCCAGGCTGAGGATGAGGCTGATTATTACTGCTGCTCATATGCAGGCAGCTACACTTTC...........
IGLV2-11*03,244,,,.......................CTCA...GTGTCCGGGTCTCCTGGACAGTCAGTCACCATCTCCTGCACTGGAACCAGCAGTGATGTTGGT.........GGTTATAACTATGTCTCCTGGTACCAACAACACCCAGGCAAAGCCCCCAAACTCATGATTTATGATGTC.....................AGTAAGCGGCCCTCAGGGGTCCCT...GATCGCTTCTCTGGCTCCAAG......TCTGGCAACACGGCCTCCCTGACCATCTCTGGGCTCCAGGCTGAGGATGAGGCTGATTATTACTGCTGCTCATATGCAGGCAGCTACACTTTC...........
IGLV1-47*01,264,,,CAGTCTGTGCTGACTCAGCCACCCTCA...GCGTCTGGGACCCCCGGGCAGAGGGTCACCATCTCTTGTTCTGGAAGCAGCTCCAACATC............GGAAGTAATTATGTATACTGGTACCAGCAGCTCCCAGGAACGGCCCCCAAACTCCTCATCTATAGGAAT.....................AATCAGCGGCCCTCAGGGGTCCCT...GACCGATTCTCTGGCTCCAAG......TCTGGCACCTCAGCCTCCCTGGCCATCAGTGGGCTCCGGTCCGAGGATGAGGCTGATTATTACTGTGCAGCATGGGATGACAGCCTGAGTGGTCC.........
IGLV1-47*02,264,,,CAGTCTGTGCTGACTCAGCCACCCTCA...GCGTCTGGGACCCCCGGGCAGAGGGTCACCATCTCTTGTTCTGGAAGCAGCTCCAACATC............GGAAGTAATTATGTATACTGGTACCAGCAGCTCCCAGGAACGGCCCCCAAACTCCTCATCTATAGTAAT.....................AATCAGCGGCCCTCAGGGGTCCCT...GACCGATTCTCTGGCTCCAAG......TCTGGCACCTCAGCCTCCCTGGCCATCAGTGGGCTCCGGTCCGAGGATGAGGCTGATTATTACTGTGCAGCATGGGATGACAGCCTGAGTGGTCC.........
IGLV3-1*01,258,,,TCCTATGAGCTGACTCAGCCACCCTCA...GTGTCCGTGTCCCCAGGACAGACAGCCAGCATCACCTGCTCTGGAGATAAATTGGGG..................GATAAATATGCTTGCTGGTATCAGCAGAAGCCAGGCCAGTCCCCTGTGCTGGTCATCTATCAAGAT.....................AGCAAGCGGCCCTCAGGGATCCCT...GAGCGATTCTCTGGCTCCAAC......TCTGGGAACACAGCCACTCTGACCATCAGCGGGACCCAGGCTATGGATGAGGCTGACTATTACTGTCAGGCGTGGGACAGCAGCACTGCA..............
IGLV4-69*01,273,,,CAGCTTGTGCTGACTCAATCGCCCTCT...GCCTCTGCCTCCCTGGGAGCCTCGGTCAAGCTCACCTGCACTCTGAGCAGTGGGCACAGC...............AGCTACGCCATCGCATGGCATCAGCAGCAGCCAGAGAAGGGCCCTCGGTACTTGATGAAGCTTAACAGTGAT.........GGCAGCCACAGCAAGGGGGACGGGATCCCT...GATCGCTTCTCAGGCTCCAGC......TCTGGGGCTGAGCGCTACCTCACCATCTCCAGCCTCCAGTCTGAGGATGAGGCTGACTATTACTGTCAGACCTGGGGCACTGGCATTCA...............
IGLV3-25*02,258,,,TCCTATGAGCTGACACAGCCACCCTCG...GTGTCAGTGTCCCCAGGACAGACGGCCAGGATCACCTGCTCTGGAGATGCATTGCCA..................AAGCAATATGCTTATTGGTACCAGCAGAAGCCAGGCCAGGCCCCTGTGCTGGTGATATATAAAGAC.....................AGTGAGAGGCCCTCAGGGATCCCT...GAGCGATTCTCTGGCTCCAGC......TCAGGGACAACAGTCACGTTGACCATCAGTGGAGTCCAGGCAGAAGATGAGGCTGACTATTACTGTCAATCAGCAGACAGCAGTGGTACTTATCC.........
IGLV3-25*03,258,,,TCCTATGAGCTGACACAGCCACCCTCG...GTGTCAGTGTCCCCAGGACAGACGGCCAGGATCACCTGCTCTGGAGATGCATTGCCA..................AAGCAATATGCTTATTGGTACCAGCAGAAGCCAGGCCAGGCCCCTGTGCTGGTGATATATAAAGAC.....................AGTGAGAGGCCCTCAGGGATCCCT...GAGCGATTCTCTGGCTCCAGC......TCAGGGACAACAGTCACGTTGACCATCAGTGGAGTCCAGGCAGAAGACGAGGCTGACTATTACTGTCAATCAGCAGACAGCAGTGGT.................
IGLV1-51*01,264,,,CAGTCTGTGTTGACGCAGCCGCCCTCA...GTGTCTGCGGCCCCAGGACAGAAGGTCACCATCTCCTGCTCTGGAAGCAGCTCCAACATT............GGGAATAATTATGTATCCTGGTACCAGCAGCTCCCAGGAACAGCCCCCAAACTCCTCATTTATGACAAT.....................AATAAGCGACCCTCAGGGATTCCT...GACCGATTCTCTGGCTCCAAG......TCTGGCACGTCAGCCACCCTGGGCATCACCGGACTCCAGACTGGGGACGAGGCCGATTATTACTGCGGAACATGGGATAGCAGCCTGAGTGCTGG.........
IGLV3-25*01,258,,,TCCTATGAGCTGATGCAGCCACCCTCG...GTGTCAGTGTCCCCAGGACAGACGGCCAGGATCACCTGCTCTGGAGATGCATTGCCA..................AAGCAATATGCTTATTGGTACCAGCAGAAGCCAGGCCAGGCCCCTGTGCTGGTGATATATAAAGAC.....................AGTGAGAGGCCCTCAGGGATCCCT...GAGCGATTCTCTGGCTCCAGC......TCAGGGACAACAGTCACGTTGACCATCAGTGGAGTCCAGGCAGAAGATGAGGCTGACTATTACTGTCAATCAGCAGACAGCAGTGGTACTTATCC.........
IGLV4-60*03,273,,,CAGCCTGTGCTGACTCAATCATCCTCT...GCCTCTGCTTCCCTGGGATCCTCGGTCAAGCTCACCTGCACTCTGAGCAGTGGGCACAGT...............AGCTACATCATCGCATGGCATCAGCAGCAGCCAGGGAAGGCCCCTCGGTACTTGATGAAGCTTGAAGGTAGT.........GGAAGCTACAACAAGGGGAGCGGAGTTCCT...GATCGCTTCTCAGGCTCCAGC......TCTGGGGCTGACCGCTACCTCACCATCTCCAACCTCCAGTCTGAGGATGAGGCTGATTATTACTGTGAGACCTGGGACAGTAACACT.................
IGLV4-69*02,273,,,CAGCTTGTGCTGACTCAATCGCCCTCT...GCCTCTGCCTCCCTGGGAGCCTCGGTCAAGCTCACCTGCACTCTGAGCAGTGGGCACAGC...............AGCTACGCCATCGCATGGCATCAGCAGCAGCCAGAGAAGGGCCCTCGGTACTTGATGAAGCTTAACAGTGAT.........GGCAGCCACAGTAAGGGGGACGGGATCCCT...GATCGCTTCTCAGGCTCCAGC......TCTGGGGCTGAGCGCTACCTCACCATCTCCAGCCTCCAGTCTGAGGATGAGGCTGACTATTACTGTCAGACCTGGGGCACTGGCATTCA...............
IGLV8-61*03,259,,,........GGTGACCCAGGAGCCATCG...TTCTCAGTGTCCCCTGGAGGGACAGTCACACTCACTTGTGGCTTGAGCTCTGGCTCAGTCTCT.........ACTAGTTACTACCCCAGCTGGTACCAGCAGACCCCAGGCCAGGCTCCACGCACGCTCATCTACAGCACA.....................AACACTCGCTCTTCTGGCGTCCCT...GATCGCTTCTCTGGCTCCATC......CTTGGGAACAAAGCTGCCCTCACCATCACGGGGGCCCAGGCAGATGATGAA.....................................................
IGLV6-57*01,270,,,AATTTTATGCTGACTCAGCCCCACTCT...GTGTCGGAGTCTCCGGGGAAGACGGTAACCATCTCCTGCACCCGCAGCAGTGGCAGCATT............GCCAGCAACTATGTGCAGTGGTACCAGCAGCGCCCGGGCAGTTCCCCCACCACTGTGATCTATGAGGAT.....................AACCAAAGACCCTCTGGGGTCCCT...GATCGGTTCTCTGGCTCCATCGACAGCTCCTCCAACTCTGCCTCCCTCACCATCTCTGGACTGAAGACTGAGGACGAGGCTGACTACTACTGTCAGTCTTATGATAGCAGCAATCA...............
IGLV8-61*02,267,,,CAGACTGTGGTGACCCAGGAGCCATCG...TTCTCAGTGTCCCCTGGAGGGACAGTCACACTCACTTGTGGCTTGAGCTCTGGCTCAGTCTCT.........ACTAGTTACTACCCCAGCTGGTACCAGCAGACCCCAGGCCAGGCTCCACGCACGCTCATCTACAGCACA.....................AACACTCGCTCTTCTGGGGTCCCT...GATTGCTTCTCTGGCTCCATC......CTTGGGAACAAAGCTGCCCTCACCATCACGGGGGCCCAGGCAGATGATGAATCTGATTATTACTGTGTGCTGTATATGGGTAGTGGCATTTC............
IGLV2-8*01,267,,,CAGTCTGCCCTGACTCAGCCTCCCTCC...GCGTCCGGGTCTCCTGGACAGTCAGTCACCATCTCCTGCACTGGAACCAGCAGTGACGTTGGT.........GGTTATAACTATGTCTCCTGGTACCAACAGCACCCAGGCAAAGCCCCCAAACTCATGATTTATGAGGTC.....................AGTAAGCGGCCCTCAGGGGTCCCT...GATCGCTTCTCTGGCTCCAAG......TCTGGCAACACGGCCTCCCTGACCGTCTCTGGGCTCCAGGCTGAGGATGAGGCTGATTATTACTGCAGCTCATATGCAGGCAGCAACAATTTC...........
IGLV2-8*03,244,,,.......................CTCC...GCGTCCGGGTCTCCTGGACAGTCAGTCACCATCTCCTGCACTGGAACCAGCAGTGACGTTGGT.........GGTTATAACTATGTCTCCTGGTACCAACAGCACCCAGGCAAAGCCCCCAAACTCATGATTTATGAGGTC.....................AGTAAGCGGCCCTCAGGGGTCCCT...GATCGCTTCTTTGGCTCCAAG......TCTGGCAACACGGCCTCCCTGACCGTCTCTGGGCTCCAGGCTGAGGATGAGGCTGATTATTACTGCAGCTCATATGCAGGCAGCAACAATTTC...........
IGLV7-43*01,267,,,CAGACTGTGGTGACTCAGGAGCCCTCA...CTGACTGTGTCCCCAGGAGGGACAGTCACTCTCACCTGTGCTTCCAGCACTGGAGCAGTCACC.........AGTGGTTACTATCCAAACTGGTTCCAGCAGAAACCTGGACAAGCACCCAGGGCACTGATTTATAGTACA.....................AGCAACAAACACTCCTGGACCCCT...GCCCGGTTCTCAGGCTCCCTC......CTTGGGGGCAAAGCTGCCCTGACACTGTCAGGTGTGCAGCCTGAGGACGAGGCTGAGTATTACTGCCTGCTCTACTATGGTGGTGCTCAG..............
IGLV5-45*02,285,,,CAGGCTGTGCTGACTCAGCCGTCTTCC...CTCTCTGCATCTCCTGGAGCATCAGCCAGTCTCACCTGCACCTTACGCAGTGGCATCAATGTT.........GGTACCTACAGGATATACTGGTACCAGCAGAAGCCAGGGAGTCCTCCCCAGTATCTCCTGAGGTACAAATCAGAC.........TCAGATAAGCAGCAGGGCTCTGGAGTCCCC...AGCCGCTTCTCTGGATCCAAAGATGCTTCGGCCAATGCAGGGATTTTACTCATCTCTGGGCTCCAGTCTGAGGATGAGGCTGACTATTACTGTATGATTTGGCACAGCAGCGCTTCT..............
IGLV3-32*01,258,,,TCCTCTGGGCCAACTCAGGTGCCTGCA...GTGTCTGTGGCCTTGGGACAAATGGCCAGGATCACCTGCCAGGGAGACAGCATGGAA..................GGCTCTTATGAACACTGGTACCAGCAGAAGCCAGGCCAGGCCCCCGTGCTGGTCATCTATGATAGC.....................AGTGACCGGCCCTCAAGGATCCCT...GAGCGATTCTCTGGCTCCAAA......TCAGGCAACACAACCACCCTGACCATCACTGGGGCCCAGGCTGAGGATGAGGCTGATTATTACTATCAGTTGATAGACAACCATGCTAC...............
IGLV5-45*01,285,,,CAGGCTGTGCTGACTCAGCCGGCTTCC...CTCTCTGCATCTCCTGGAGCATCAGCCAGTCTCACCTGCACCTTGCGCAGTGGCATCAATGTT.........GGTACCTACAGGATATACTGGTACCAGCAGAAGCCAGGGAGTCCTCCCCAGTATCTCCTGAGGTACAAATCAGAC.........TCAGATAAGCAGCAGGGCTCTGGAGTCCCC...AGCCGCTTCTCTGGATCCAAAGATGCTTCGGCCAATGCAGGGATTTTACTCATCTCTGGGCTCCAGTCTGAGGATGAGGCTGACTATTACTGTATGATTTGGCACAGCAGCGCTTCT..............
IGLV8/OR8-1*02,267,,,CAGTCTGTGGTGACCCAGGAGCCATCA...CTCTCAGGGTCTCCTGGAGGGACGGTCACACTCACCTGTGCCCTGAGCTCTGGCTCAGTCTCT.........ACCAGTCACTACCCCAGGTGGTACCAGCAGACCCCAGGCCAGGCTCCACACATGCTCATCTGCAGCCCA.....................AACACCTGCCCTTCTGGGGTCCCT...GGTCGCTTCTCTGGCTCCATC......CTTGGGAACAAAGCTGCCCTCACCATCACGGGGACTCAGGTAGATGATGACTCTGATCATTACTGTGTGCTGTACATGGGTAGTGGCAAT..............
IGLV5-45*03,285,,,CAGGCTGTGCTGACTCAGCCGTCTTCC...CTCTCTGCATCTCCTGGAGCATCAGCCAGTCTCACCTGCACCTTGCGCAGTGGCATCAATGTT.........GGTACCTACAGGATATACTGGTACCAGCAGAAGCCAGGGAGTCCTCCCCAGTATCTCCTGAGGTACAAATCAGAC.........TCAGATAAGCAGCAGGGCTCTGGAGTCCCC...AGCCGCTTCTCTGGATCCAAAGATGCTTCGGCCAATGCAGGGATTTTACTCATCTCTGGGCTCCAGTCTGAGGATGAGGCTGACTATTACTGTATGATTTGGCACAGCAGCGCTTCT..............
IGLV7-46*01,267,,,CAGGCTGTGGTGACTCAGGAGCCCTCA...CTGACTGTGTCCCCAGGAGGGACAGTCACTCTCACCTGTGGCTCCAGCACTGGAGCTGTCACC.........AGTGGTCATTATCCCTACTGGTTCCAGCAGAAGCCTGGCCAAGCCCCCAGGACACTGATTTATGATACA.....................AGCAACAAACACTCCTGGACACCT...GCCCGGTTCTCAGGCTCCCTC......CTTGGGGGCAAAGCTGCCCTGACCCTTTCGGGTGCGCAGCCTGAGGATGAGGCTGAGTATTACTGCTTGCTCTCCTATAGTGGTGCTCGG..............
IGLV3-12*01,258,,,TCCTATGAGCTGACTCAGCCACACTCA...GTGTCAGTGGCCACAGCACAGATGGCCAGGATCACCTGTGGGGGAAACAACATTGGA..................AGTAAAGCTGTGCACTGGTACCAGCAAAAGCCAGGCCAGGACCCTGTGCTGGTCATCTATAGCGAT.....................AGCAACCGGCCCTCAGGGATCCCT...GAGCGATTCTCTGGCTCCAAC......CCAGGGAACACCACCACCCTAACCATCAGCAGGATCGAGGCTGGGGATGAGGCTGACTATTACTGTCAGGTGTGGGACAGTAGTAGTGATCATCC.........
IGLV3-12*02,258,,,TCCTATGAGCTGACTCAGCCACACTCA...GTGTCAGTGGCCACAGCACAGATGGCCAGGATCACCTGTGGGGGAAACAACATTGGA..................AGTAAAGCTGTGCACTGGTACCAGCAAAAGCCAGGCCAGGACCCTGTGCTGGTCATCTATAGCGAT.....................AGCAACCGGCCCTCAGGGATCCCT...GAGCGATTCTCTGGCTCCAAC......CCAGGGAACACCGCCACCCTAACCATCAGCAGGATCGAGGCTGGGGATGAGGCTGACTATTACTGTCAGGTGTGGGACAGTAGTAGTGATCATCC.........
IGLV7-46*02,267,,,CAGGCTGTGGTGACTCAGGAGCCCTCA...CTGACTGTGTCCCCAGGAGGGACAGTCACTCTCACCTGTGGCTCCAGCACTGGAGCTGTCACC.........AGTGGTCATTATCCCTACTGGTTCCAGCAGAAGCCTGGCCAAGCCCCCAGGACACTGATTTATGATACA.....................AGCAACAAACACTCCTGGACACCT...GCCCGGTTCTCAGGCTCCCTC......CTTGGGGGCAAAGCTGCCCTGACCCTTTTGGGTGCGCAGCCTGAGGATGAGGCTGAGTATTACTGCTTGCTCTCCTATAGTGGTGCTCGG..............
IGLV1-36*01,264,,,CAGTCTGTGCTGACTCAGCCACCCTCG...GTGTCTGAAGCCCCCAGGCAGAGGGTCACCATCTCCTGTTCTGGAAGCAGCTCCAACATC............GGAAATAATGCTGTAAACTGGTACCAGCAGCTCCCAGGAAAGGCTCCCAAACTCCTCATCTATTATGAT.....................GATCTGCTGCCCTCAGGGGTCTCT...GACCGATTCTCTGGCTCCAAG......TCTGGCACCTCAGCCTCCCTGGCCATCAGTGGGCTCCAGTCTGAGGATGAGGCTGATTATTACTGTGCAGCATGGGATGACAGCCTGAATGGTCC.........
IGLV3-19*01,258,,,TCTTCTGAGCTGACTCAGGACCCTGCT...GTGTCTGTGGCCTTGGGACAGACAGTCAGGATCACATGCCAAGGAGACAGCCTCAGA..................AGCTATTATGCAAGCTGGTACCAGCAGAAGCCAGGACAGGCCCCTGTACTTGTCATCTATGGTAAA.....................AACAACCGGCCCTCAGGGATCCCA...GACCGATTCTCTGGCTCCAGC......TCAGGAAACACAGCTTCCTTGACCATCACTGGGGCTCAGGCGGAAGATGAGGCTGACTATTACTGTAACTCCCGGGACAGCAGTGGTAACCATCT.........
IGLV2-18*04,267,,,CAGTCTGCCCTGACTCAGCCTCCCTCC...GTGTCCGGGTCTCCTGGACAGTCAGTCACCATCTCCTGCACTGGAACCAGCAGTGACGTTGGT.........AGTTATAACCGTGTCTCCTGGTACCAGCAGCCCCCAGGCACAGCCCCCAAACTCATGATTTATGAGGTC.....................AGTAATCGGCCCTCAGGGGTCCCT...GATCGCTCCTCTGGGTCCAAG......TCCGGCAACACGGCCTCCCTGACCATCTCTGGGCTCCAGGCTGAGGACGAGGCTGATTATTACTGCAGCTCATATACAAGCAGCAGCACTTTC...........
IGLV1-41*01,264,,,CAGTCTGTGTTGACGCAGCCGCCTTCA...GTGTCTGCGGCCCCAGGACAGAAGGTCACCATCTCCTGCTCTGGAAGCAGCTCCGACATG............GGGAATTATGCGGTATCCTGGTACCAGCAGCTCCCAGGAACAGCCCCCAAACTCCTCATCTATGAAAAT.....................AATAAGCGACCCTCAGGGATTCCT...GACCGATTCTCTGGCTCCAAG......TCTGGCACCTCAGCCACCCTGGGCATCACTGGCCTCTGGCCTGAGGACGAGGCCGATTATTACTGCTTAGCATGGGATACCAGCCCGAGAGCTTG.........
IGLV3-21*02,258,,,TCCTATGTGCTGACTCAGCCACCCTCG...GTGTCAGTGGCCCCAGGACAGACGGCCAGGATTACCTGTGGGGGAAACAACATTGGA..................AGTAAAAGTGTGCACTGGTACCAGCAGAAGCCAGGCCAGGCCCCTGTGCTGGTCGTCTATGATGAT.....................AGCGACCGGCCCTCAGGGATCCCT...GAGCGATTCTCTGGCTCCAAC......TCTGGGAACACGGCCACCCTGACCATCAGCAGGGTCGAAGCCGGGGATGAGGCCGACTATTACTGTCAGGTGTGGGATAGTAGTAGTGATCATCC.........
IGLV3-21*03,258,,,TCCTATGTGCTGACTCAGCCACCCTCG...GTGTCAGTGGCCCCAGGAAAGACGGCCAGGATTACCTGTGGGGGAAACAACATTGGA..................AGTAAAAGTGTGCACTGGTACCAGCAGAAGCCAGGCCAGGCCCCTGTGCTGGTCGTCTATGATGAT.....................AGCGACCGGCCCTCAGGGATCCCT...GAGCGATTCTCTGGCTCCAAC......TCTGGGAACACGGCCACCCTGACCATCAGCAGGGTCGAAGCCGGGGATGAGGCCGACTATTACTGTCAGGTGTGGGATAGTAGTAGTGATCATCC.........
IGLV3-21*01,258,,,TCCTATGTGCTGACTCAGCCACCCTCA...GTGTCAGTGGCCCCAGGAAAGACGGCCAGGATTACCTGTGGGGGAAACAACATTGGA..................AGTAAAAGTGTGCACTGGTACCAGCAGAAGCCAGGCCAGGCCCCTGTGCTGGTCATCTATTATGAT.....................AGCGACCGGCCCTCAGGGATCCCT...GAGCGATTCTCTGGCTCCAAC......TCTGGGAACACGGCCACCCTGACCATCAGCAGGGTCGAAGCCGGGGATGAGGCCGACTATTACTGTCAGGTGTGGGACAGTAGTAGTGATCATCC.........
IGLV5-48*01,285,,,CAGCCTGTGCTGACTCAGCCAACTTCC...CTCTCAGCATCTCCTGGAGCATCAGCCAGACTCACCTGCACCTTGCGCAGTGGCATCAATCTT.........GGTAGCTACAGGATATTCTGGTACCAGCAGAAGCCAGAGAGCCCTCCCCGGTATCTCCTGAGCTACTACTCAGAC.........TCAAGTAAGCATCAGGGCTCTGGAGTCCCC...AGCCGCTTCTCTGGATCCAAAGATGCTTCGAGCAATGCAGGGATTTTAGTCATCTCTGGGCTCCAGTCTGAGGATGAGGCTGACTATTACTGTATGATTTGGCACAGCAGTGCTTCT..............
IGLV5-37*01,285,,,CAGCCTGTGCTGACTCAGCCACCTTCC...TCCTCCGCATCTCCTGGAGAATCCGCCAGACTCACCTGCACCTTGCCCAGTGACATCAATGTT.........GGTAGCTACAACATATACTGGTACCAGCAGAAGCCAGGGAGCCCTCCCAGGTATCTCCTGTACTACTACTCAGAC.........TCAGATAAGGGCCAGGGCTCTGGAGTCCCC...AGCCGCTTCTCTGGATCCAAAGATGCTTCAGCCAATACAGGGATTTTACTCATCTCCGGGCTCCAGTCTGAGGATGAGGCTGACTATTACTGTATGATTTGGCCAAGCAATGCTTCT..............
IGLV5-52*01,285,,,CAGCCTGTGCTGACTCAGCCATCTTCC...CATTCTGCATCTTCTGGAGCATCAGTCAGACTCACCTGCATGCTGAGCAGTGGCTTCAGTGTT.........GGGGACTTCTGGATAAGGTGGTACCAACAAAAGCCAGGGAACCCTCCCCGGTATCTCCTGTACTACCACTCAGAC.........TCCAATAAGGGCCAAGGCTCTGGAGTTCCC...AGCCGCTTCTCTGGATCCAACGATGCATCAGCCAATGCAGGGATTCTGCGTATCTCTGGGCTCCAGCCTGAGGATGAGGCTGACTATTACTGTGGTACATGGCACAGCAACTCTAAGACTCA.........
